기간,자치구,동,세대,인구,인구,인구,인구,인구,인구,인구,인구,인구,세대당인구,65세이상고령자
기간,자치구,동,세대,합계,합계,합계,한국인,한국인,한국인,외국인,외국인,외국인,세대당인구,65세이상고령자
기간,자치구,동,세대,계,남자,여자,계,남자,여자,계,남자,여자,세대당인구,65세이상고령자
2021.4/4,합계,합계,"4,426,007","9,736,027","4,721,977","5,014,050","9,509,458","4,618,040","4,891,418","226,569","103,937","122,632",2.15,"1,605,416"
2021.4/4,종로구,소계,"73,494","153,789","74,186","79,603","144,683","70,183","74,500","9,106","4,003","5,103",1.97,"27,818"
2021.4/4,종로구,사직동,"4,696","9,636","4,353","5,283","9,372","4,200","5,172",264,153,111,2,"1,774"
2021.4/4,종로구,삼청동,"1,229","2,739","1,302","1,437","2,456","1,168","1,288",283,134,149,2,625
2021.4/4,종로구,부암동,"4,265","9,782","4,686","5,096","9,579","4,570","5,009",203,116,87,2.25,"1,802"
2021.4/4,종로구,평창동,"7,509","18,329","8,542","9,787","18,152","8,457","9,695",177,85,92,2.42,"3,435"
2021.4/4,종로구,무악동,"3,069","8,297","3,856","4,441","8,259","3,841","4,418",38,15,23,2.69,"1,424"
2021.4/4,종로구,교남동,"4,458","10,203","4,716","5,487","10,046","4,634","5,412",157,82,75,2.25,"1,624"
2021.4/4,종로구,가회동,"1,991","4,194","1,939","2,255","4,088","1,884","2,204",106,55,51,2.05,865
2021.4/4,종로구,종로1.2.3.4가동,"5,247","8,595","4,956","3,639","7,197","4,251","2,946","1,398",705,693,1.37,"1,960"
2021.4/4,종로구,종로5·6가동,"3,385","5,476","2,922","2,554","5,089","2,720","2,369",387,202,185,1.5,"1,057"
2021.4/4,종로구,이화동,"4,298","7,705","3,598","4,107","7,231","3,419","3,812",474,179,295,1.68,"1,360"
2021.4/4,종로구,창신1동,"2,823","5,631","3,006","2,625","4,891","2,626","2,265",740,380,360,1.73,"1,231"
2021.4/4,종로구,창신2동,"4,043","9,051","4,631","4,420","7,911","4,082","3,829","1,140",549,591,1.96,"1,752"
2021.4/4,종로구,창신3동,"2,798","6,733","3,341","3,392","6,575","3,242","3,333",158,99,59,2.35,"1,201"
2021.4/4,종로구,숭인1동,"2,970","6,106","2,916","3,190","5,837","2,811","3,026",269,105,164,1.97,"1,192"
2021.4/4,종로구,숭인2동,"6,285","10,175","5,031","5,144","9,639","4,848","4,791",536,183,353,1.53,"1,656"
2021.4/4,종로구,청운효자동,"5,241","12,177","5,630","6,547","11,978","5,526","6,452",199,104,95,2.29,"2,165"
2021.4/4,종로구,혜화동,"9,187","18,960","8,761","10,199","16,383","7,904","8,479","2,577",857,"1,720",1.78,"2,695"
2021.4/4,중구,소계,"63,519","131,787","64,083","67,704","122,499","59,630","62,869","9,288","4,453","4,835",1.93,"24,392"
2021.4/4,중구,소공동,"1,296","3,367","1,708","1,659","2,250","1,077","1,173","1,117",631,486,1.74,292
2021.4/4,중구,회현동,"2,748","5,432","2,822","2,610","4,784","2,488","2,296",648,334,314,1.74,"1,373"
2021.4/4,중구,명동,"1,539","3,742","1,678","2,064","2,884","1,262","1,622",858,416,442,1.87,764
2021.4/4,중구,필동,"2,479","4,679","2,354","2,325","4,023","2,045","1,978",656,309,347,1.62,901
2021.4/4,중구,장충동,"2,750","5,301","2,678","2,623","4,590","2,351","2,239",711,327,384,1.67,861
2021.4/4,중구,광희동,"3,390","6,340","3,236","3,104","5,255","2,688","2,567","1,085",548,537,1.55,"1,123"
2021.4/4,중구,을지로동,"1,345","1,914","1,130",784,"1,738","1,048",690,176,82,94,1.29,472
2021.4/4,중구,신당5동,"5,387","10,708","5,198","5,510","10,363","5,051","5,312",345,147,198,1.92,"1,824"
2021.4/4,중구,황학동,"7,088","13,444","6,377","7,067","12,576","5,997","6,579",868,380,488,1.77,"2,034"
2021.4/4,중구,중림동,"5,671","12,351","6,140","6,211","12,035","5,985","6,050",316,155,161,2.12,"2,077"
2021.4/4,중구,신당동,"4,729","9,095","4,400","4,695","7,673","3,782","3,891","1,422",618,804,1.62,"1,471"
2021.4/4,중구,다산동,"6,886","14,274","6,912","7,362","13,798","6,712","7,086",476,200,276,2,"2,762"
2021.4/4,중구,약수동,"7,834","16,889","7,861","9,028","16,676","7,750","8,926",213,111,102,2.13,"3,823"
2021.4/4,중구,청구동,"6,287","13,818","6,552","7,266","13,588","6,438","7,150",230,114,116,2.16,"2,721"
2021.4/4,중구,동화동,"4,090","10,433","5,037","5,396","10,266","4,956","5,310",167,81,86,2.51,"1,894"
2021.4/4,용산구,소계,"111,036","237,285","115,085","122,200","222,953","107,210","115,743","14,332","7,875","6,457",2.01,"39,070"
2021.4/4,용산구,후암동,"8,465","17,308","8,444","8,864","16,833","8,211","8,622",475,233,242,1.99,"3,026"
2021.4/4,용산구,용산2가동,"5,247","10,775","5,280","5,495","9,456","4,569","4,887","1,319",711,608,1.8,"2,041"
2021.4/4,용산구,남영동,"5,189","7,825","4,717","3,108","7,351","4,471","2,880",474,246,228,1.42,"1,543"
2021.4/4,용산구,원효로2동,"5,985","13,875","6,526","7,349","13,751","6,478","7,273",124,48,76,2.3,"2,302"
2021.4/4,용산구,효창동,"4,375","10,156","4,801","5,355","10,037","4,748","5,289",119,53,66,2.29,"1,489"
2021.4/4,용산구,용문동,"5,377","11,985","5,726","6,259","11,863","5,675","6,188",122,51,71,2.21,"2,148"
2021.4/4,용산구,이촌1동,"9,542","26,632","12,532","14,100","25,893","12,119","13,774",739,413,326,2.71,"4,342"
2021.4/4,용산구,이촌2동,"3,693","8,374","3,916","4,458","8,303","3,889","4,414",71,27,44,2.25,"1,793"
2021.4/4,용산구,이태원1동,"3,628","8,126","4,232","3,894","6,392","3,110","3,282","1,734","1,122",612,1.76,"1,393"
2021.4/4,용산구,이태원2동,"4,918","10,604","4,982","5,622","8,997","4,137","4,860","1,607",845,762,1.83,"1,851"
2021.4/4,용산구,서빙고동,"5,322","13,912","6,679","7,233","13,051","6,241","6,810",861,438,423,2.45,"2,161"
2021.4/4,용산구,보광동,"7,427","14,708","7,531","7,177","13,453","6,691","6,762","1,255",840,415,1.81,"2,708"
2021.4/4,용산구,청파동,"11,080","20,076","9,319","10,757","19,471","9,114","10,357",605,205,400,1.76,"3,295"
2021.4/4,용산구,원효로1동,"8,105","16,577","7,917","8,660","15,950","7,582","8,368",627,335,292,1.97,"1,980"
2021.4/4,용산구,한강로동,"11,713","23,411","11,214","12,197","21,763","10,334","11,429","1,648",880,768,1.86,"3,239"
2021.4/4,용산구,한남동,"10,970","22,941","11,269","11,672","20,389","9,841","10,548","2,552","1,428","1,124",1.86,"3,759"
2021.4/4,성동구,소계,"134,233","292,672","142,259","150,413","285,990","139,380","146,610","6,682","2,879","3,803",2.13,"46,380"
2021.4/4,성동구,왕십리2동,"7,411","16,819","8,115","8,704","16,475","7,964","8,511",344,151,193,2.22,"2,552"
2021.4/4,성동구,마장동,"10,968","22,991","11,273","11,718","22,362","11,039","11,323",629,234,395,2.04,"3,925"
2021.4/4,성동구,사근동,"7,945","13,505","6,737","6,768","11,915","6,154","5,761","1,590",583,"1,007",1.5,"1,508"
2021.4/4,성동구,행당1동,"6,468","14,193","6,819","7,374","13,904","6,688","7,216",289,131,158,2.15,"2,135"
2021.4/4,성동구,행당2동,"9,220","23,376","10,943","12,433","23,280","10,907","12,373",96,36,60,2.52,"3,837"
2021.4/4,성동구,응봉동,"6,063","15,458","7,374","8,084","15,408","7,352","8,056",50,22,28,2.54,"2,548"
2021.4/4,성동구,금호1가동,"6,552","15,315","7,293","8,022","15,240","7,260","7,980",75,33,42,2.33,"2,637"
2021.4/4,성동구,금호4가동,"6,370","14,452","6,866","7,586","14,325","6,803","7,522",127,63,64,2.25,"2,406"
2021.4/4,성동구,성수1가1동,"7,784","16,814","8,417","8,397","16,514","8,249","8,265",300,168,132,2.12,"2,292"
2021.4/4,성동구,성수1가2동,"6,175","12,874","6,309","6,565","12,643","6,201","6,442",231,108,123,2.05,"1,943"
2021.4/4,성동구,성수2가1동,"8,163","16,279","8,479","7,800","15,806","8,263","7,543",473,216,257,1.94,"2,899"
2021.4/4,성동구,성수2가3동,"5,554","10,985","5,540","5,445","10,757","5,407","5,350",228,133,95,1.94,"1,913"
2021.4/4,성동구,송정동,"5,600","10,915","5,748","5,167","10,516","5,551","4,965",399,197,202,1.88,"1,820"
2021.4/4,성동구,용답동,"7,075","12,568","6,430","6,138","11,647","6,047","5,600",921,383,538,1.65,"2,180"
2021.4/4,성동구,왕십리도선동,"11,867","26,910","12,755","14,155","26,430","12,552","13,878",480,203,277,2.23,"3,801"
2021.4/4,성동구,금호2.3가동,"10,118","22,909","10,895","12,014","22,735","10,824","11,911",174,71,103,2.25,"3,887"
2021.4/4,성동구,옥수동,"10,900","26,309","12,266","14,043","26,033","12,119","13,914",276,147,129,2.39,"4,097"
2021.4/4,광진구,소계,"167,949","352,627","169,317","183,310","339,996","164,058","175,938","12,631","5,259","7,372",2.02,"51,723"
2021.4/4,광진구,화양동,"17,777","26,034","12,009","14,025","23,138","11,037","12,101","2,896",972,"1,924",1.3,"2,328"
2021.4/4,광진구,군자동,"11,323","21,500","10,571","10,929","19,591","9,689","9,902","1,909",882,"1,027",1.73,"3,015"
2021.4/4,광진구,중곡1동,"8,378","15,862","7,667","8,195","15,496","7,510","7,986",366,157,209,1.85,"2,537"
2021.4/4,광진구,중곡2동,"10,645","21,739","10,217","11,522","21,428","10,105","11,323",311,112,199,2.01,"3,291"
2021.4/4,광진구,중곡3동,"8,461","16,357","8,077","8,280","16,135","7,995","8,140",222,82,140,1.91,"2,863"
2021.4/4,광진구,중곡4동,"13,174","28,954","14,127","14,827","28,577","13,991","14,586",377,136,241,2.17,"5,150"
2021.4/4,광진구,능동,"6,401","11,619","5,363","6,256","11,301","5,211","6,090",318,152,166,1.77,"1,637"
2021.4/4,광진구,구의1동,"12,154","22,139","10,533","11,606","21,542","10,254","11,288",597,279,318,1.77,"3,120"
2021.4/4,광진구,구의2동,"11,593","27,008","13,003","14,005","26,522","12,797","13,725",486,206,280,2.29,"4,355"
2021.4/4,광진구,구의3동,"12,156","28,891","13,664","15,227","28,654","13,563","15,091",237,101,136,2.36,"4,127"
2021.4/4,광진구,광장동,"11,910","34,834","16,861","17,973","34,665","16,787","17,878",169,74,95,2.91,"3,805"
2021.4/4,광진구,자양1동,"11,911","23,134","11,180","11,954","22,285","10,822","11,463",849,358,491,1.87,"3,479"
2021.4/4,광진구,자양2동,"11,014","24,930","12,072","12,858","24,632","11,937","12,695",298,135,163,2.24,"4,022"
2021.4/4,광진구,자양3동,"11,093","28,330","13,525","14,805","28,073","13,418","14,655",257,107,150,2.53,"4,262"
2021.4/4,광진구,자양4동,"9,959","21,296","10,448","10,848","17,957","8,942","9,015","3,339","1,506","1,833",1.8,"3,732"
2021.4/4,동대문구,소계,"168,219","352,006","172,162","179,844","337,400","166,646","170,754","14,606","5,516","9,090",2.01,"62,211"
2021.4/4,동대문구,회기동,"6,549","12,727","5,821","6,906","10,498","5,000","5,498","2,229",821,"1,408",1.6,"1,549"
2021.4/4,동대문구,휘경1동,"7,624","16,105","7,354","8,751","13,927","6,633","7,294","2,178",721,"1,457",1.83,"2,106"
2021.4/4,동대문구,휘경2동,"12,114","24,847","12,306","12,541","24,115","12,043","12,072",732,263,469,1.99,"3,992"
2021.4/4,동대문구,청량리동,"9,675","19,280","9,546","9,734","18,813","9,343","9,470",467,203,264,1.94,"5,226"
2021.4/4,동대문구,용신동,"18,938","33,055","16,468","16,587","31,619","15,897","15,722","1,436",571,865,1.67,"5,732"
2021.4/4,동대문구,제기동,"13,423","26,577","13,328","13,249","24,617","12,612","12,005","1,960",716,"1,244",1.83,"5,787"
2021.4/4,동대문구,전농1동,"14,863","29,699","14,816","14,883","29,198","14,627","14,571",501,189,312,1.96,"5,651"
2021.4/4,동대문구,전농2동,"7,642","18,876","9,059","9,817","18,557","8,935","9,622",319,124,195,2.43,"3,662"
2021.4/4,동대문구,답십리2동,"12,656","28,595","13,904","14,691","28,334","13,781","14,553",261,123,138,2.24,"5,562"
2021.4/4,동대문구,장안1동,"18,428","38,794","19,152","19,642","38,241","18,930","19,311",553,222,331,2.08,"6,516"
2021.4/4,동대문구,장안2동,"14,056","32,791","16,332","16,459","32,484","16,210","16,274",307,122,185,2.31,"5,211"
2021.4/4,동대문구,이문1동,"10,418","20,870","10,070","10,800","18,019","8,993","9,026","2,851","1,077","1,774",1.73,"3,157"
2021.4/4,동대문구,이문2동,"8,744","20,417","9,857","10,560","19,987","9,658","10,329",430,199,231,2.29,"3,990"
2021.4/4,동대문구,답십리1동,"13,089","29,373","14,149","15,224","28,991","13,984","15,007",382,165,217,2.21,"4,070"
2021.4/4,중랑구,소계,"185,712","391,885","192,903","198,982","387,350","191,112","196,238","4,535","1,791","2,744",2.09,"71,682"
2021.4/4,중랑구,면목2동,"12,180","24,405","12,134","12,271","24,049","12,000","12,049",356,134,222,1.97,"4,566"
2021.4/4,중랑구,면목4동,"9,137","19,308","9,583","9,725","19,029","9,470","9,559",279,113,166,2.08,"3,826"
2021.4/4,중랑구,면목5동,"6,439","14,897","7,458","7,439","14,784","7,421","7,363",113,37,76,2.3,"2,225"
2021.4/4,중랑구,면목7동,"10,600","22,070","11,062","11,008","21,756","10,934","10,822",314,128,186,2.05,"4,315"
2021.4/4,중랑구,상봉1동,"10,266","24,190","11,773","12,417","24,046","11,714","12,332",144,59,85,2.34,"3,796"
2021.4/4,중랑구,상봉2동,"12,269","20,647","9,919","10,728","20,341","9,801","10,540",306,118,188,1.66,"3,044"
2021.4/4,중랑구,중화1동,"9,085","19,784","9,691","10,093","19,611","9,624","9,987",173,67,106,2.16,"3,701"
2021.4/4,중랑구,중화2동,"13,631","25,315","12,966","12,349","24,875","12,781","12,094",440,185,255,1.82,"5,043"
2021.4/4,중랑구,묵1동,"14,854","34,636","16,701","17,935","34,443","16,639","17,804",193,62,131,2.32,"5,945"
2021.4/4,중랑구,묵2동,"9,259","18,946","9,261","9,685","18,718","9,173","9,545",228,88,140,2.02,"3,612"
2021.4/4,중랑구,망우3동,"8,238","16,698","8,347","8,351","16,359","8,204","8,155",339,143,196,1.99,"3,394"
2021.4/4,중랑구,신내1동,"14,704","38,649","18,711","19,938","38,512","18,652","19,860",137,59,78,2.62,"6,797"
2021.4/4,중랑구,신내2동,"9,033","20,529","9,763","10,766","20,435","9,735","10,700",94,28,66,2.26,"4,101"
2021.4/4,중랑구,면목본동,"17,660","34,188","16,864","17,324","33,478","16,582","16,896",710,282,428,1.9,"6,099"
2021.4/4,중랑구,면목3.8동,"12,668","25,154","12,444","12,710","24,759","12,272","12,487",395,172,223,1.95,"5,013"
2021.4/4,중랑구,망우본동,"15,689","32,469","16,226","16,243","32,155","16,110","16,045",314,116,198,2.05,"6,205"
2021.4/4,성북구,소계,"195,017","440,142","211,150","228,992","430,528","207,578","222,950","9,614","3,572","6,042",2.21,"74,709"
2021.4/4,성북구,돈암1동,"6,114","14,791","6,903","7,888","14,687","6,869","7,818",104,34,70,2.4,"2,882"
2021.4/4,성북구,돈암2동,"8,594","23,913","11,324","12,589","23,825","11,285","12,540",88,39,49,2.77,"3,495"
2021.4/4,성북구,안암동,"9,385","16,527","8,025","8,502","14,936","7,502","7,434","1,591",523,"1,068",1.59,"2,112"
2021.4/4,성북구,보문동,"7,739","15,766","7,591","8,175","15,416","7,449","7,967",350,142,208,1.99,"2,415"
2021.4/4,성북구,정릉1동,"7,369","18,377","8,801","9,576","18,178","8,729","9,449",199,72,127,2.47,"3,118"
2021.4/4,성북구,정릉2동,"9,902","23,268","11,205","12,063","23,048","11,130","11,918",220,75,145,2.33,"4,448"
2021.4/4,성북구,정릉3동,"7,879","16,210","7,948","8,262","15,046","7,491","7,555","1,164",457,707,1.91,"3,279"
2021.4/4,성북구,정릉4동,"10,860","25,322","12,105","13,217","24,873","11,992","12,881",449,113,336,2.29,"4,855"
2021.4/4,성북구,길음1동,"12,519","35,615","16,914","18,701","35,462","16,848","18,614",153,66,87,2.83,"4,615"
2021.4/4,성북구,길음2동,"6,905","16,780","8,038","8,742","16,653","7,977","8,676",127,61,66,2.41,"2,559"
2021.4/4,성북구,월곡1동,"10,854","26,525","12,779","13,746","26,335","12,719","13,616",190,60,130,2.43,"4,738"
2021.4/4,성북구,월곡2동,"9,617","19,896","9,564","10,332","19,442","9,355","10,087",454,209,245,2.02,"3,619"
2021.4/4,성북구,장위1동,"10,777","24,511","11,981","12,530","24,315","11,911","12,404",196,70,126,2.26,"4,067"
2021.4/4,성북구,장위2동,"6,716","13,953","6,870","7,083","13,740","6,781","6,959",213,89,124,2.05,"3,118"
2021.4/4,성북구,장위3동,"6,499","15,980","7,864","8,116","15,855","7,809","8,046",125,55,70,2.44,"2,128"
2021.4/4,성북구,성북동,"8,225","17,026","7,922","9,104","16,522","7,715","8,807",504,207,297,2.01,"3,076"
2021.4/4,성북구,삼선동,"11,531","23,413","11,108","12,305","22,871","10,915","11,956",542,193,349,1.98,"3,948"
2021.4/4,성북구,동선동,"9,534","16,115","6,684","9,431","15,480","6,509","8,971",635,175,460,1.62,"2,280"
2021.4/4,성북구,종암동,"17,149","40,325","19,805","20,520","38,809","19,250","19,559","1,516",555,961,2.26,"6,760"
2021.4/4,성북구,석관동,"16,849","35,829","17,719","18,110","35,035","17,342","17,693",794,377,417,2.08,"7,197"
2021.4/4,강북구,소계,"144,536","302,563","146,984","155,579","299,182","145,705","153,477","3,381","1,279","2,102",2.07,"64,333"
2021.4/4,강북구,번1동,"10,279","18,717","9,404","9,313","18,353","9,271","9,082",364,133,231,1.79,"3,657"
2021.4/4,강북구,번2동,"7,597","15,932","7,690","8,242","15,847","7,664","8,183",85,26,59,2.09,"4,001"
2021.4/4,강북구,번3동,"7,478","16,905","7,903","9,002","16,846","7,893","8,953",59,10,49,2.25,"4,669"
2021.4/4,강북구,수유1동,"10,419","20,849","10,273","10,576","20,639","10,195","10,444",210,78,132,1.98,"4,432"
2021.4/4,강북구,수유2동,"9,866","21,421","10,217","11,204","21,278","10,174","11,104",143,43,100,2.16,"4,936"
2021.4/4,강북구,수유3동,"12,921","23,393","11,615","11,778","22,983","11,464","11,519",410,151,259,1.78,"4,637"
2021.4/4,강북구,삼양동,"11,126","23,802","11,843","11,959","23,629","11,783","11,846",173,60,113,2.12,"4,945"
2021.4/4,강북구,미아동,"11,687","21,997","10,538","11,459","21,504","10,342","11,162",493,196,297,1.84,"4,524"
2021.4/4,강북구,송중동,"13,975","30,035","14,405","15,630","29,478","14,165","15,313",557,240,317,2.11,"6,013"
2021.4/4,강북구,송천동,"13,549","26,801","13,261","13,540","26,380","13,093","13,287",421,168,253,1.95,"6,173"
2021.4/4,강북구,삼각산동,"11,577","31,470","15,100","16,370","31,361","15,054","16,307",109,46,63,2.71,"4,504"
2021.4/4,강북구,우이동,"9,613","20,678","9,985","10,693","20,542","9,935","10,607",136,50,86,2.14,"4,864"
2021.4/4,강북구,인수동,"14,449","30,563","14,750","15,813","30,342","14,672","15,670",221,78,143,2.1,"6,978"
2021.4/4,도봉구,소계,"138,656","319,373","155,221","164,152","317,366","154,487","162,879","2,007",734,"1,273",2.29,"64,160"
2021.4/4,도봉구,쌍문1동,"9,407","21,658","10,387","11,271","21,380","10,313","11,067",278,74,204,2.27,"4,614"
2021.4/4,도봉구,쌍문2동,"8,594","18,864","9,014","9,850","18,728","8,952","9,776",136,62,74,2.18,"3,908"
2021.4/4,도봉구,쌍문3동,"7,890","16,768","8,108","8,660","16,614","8,058","8,556",154,50,104,2.11,"3,460"
2021.4/4,도봉구,쌍문4동,"7,099","18,643","8,802","9,841","18,606","8,797","9,809",37,5,32,2.62,"3,072"
2021.4/4,도봉구,방학1동,"12,938","28,912","14,331","14,581","28,673","14,234","14,439",239,97,142,2.22,"5,868"
2021.4/4,도봉구,방학2동,"9,418","19,867","10,010","9,857","19,669","9,926","9,743",198,84,114,2.09,"4,405"
2021.4/4,도봉구,방학3동,"9,992","27,110","13,158","13,952","27,043","13,139","13,904",67,19,48,2.71,"5,080"
2021.4/4,도봉구,창1동,"10,957","24,827","11,775","13,052","24,706","11,732","12,974",121,43,78,2.25,"4,615"
2021.4/4,도봉구,창2동,"12,613","29,337","14,273","15,064","29,099","14,173","14,926",238,100,138,2.31,"5,281"
2021.4/4,도봉구,창3동,"6,544","13,923","6,952","6,971","13,836","6,920","6,916",87,32,55,2.11,"2,940"
2021.4/4,도봉구,창4동,"10,699","26,583","12,790","13,793","26,496","12,755","13,741",87,35,52,2.48,"4,274"
2021.4/4,도봉구,창5동,"10,245","24,709","11,782","12,927","24,607","11,750","12,857",102,32,70,2.4,"4,377"
2021.4/4,도봉구,도봉1동,"10,385","21,210","10,681","10,529","21,072","10,632","10,440",138,49,89,2.03,"5,790"
2021.4/4,도봉구,도봉2동,"11,875","26,962","13,158","13,804","26,837","13,106","13,731",125,52,73,2.26,"6,476"
2021.4/4,노원구,소계,"217,378","514,946","247,813","267,133","510,956","246,053","264,903","3,990","1,760","2,230",2.35,"88,345"
2021.4/4,노원구,월계1동,"10,228","22,240","11,487","10,753","21,602","11,149","10,453",638,338,300,2.11,"4,239"
2021.4/4,노원구,월계2동,"11,944","26,704","12,842","13,862","26,568","12,794","13,774",136,48,88,2.22,"5,875"
2021.4/4,노원구,월계3동,"12,991","30,069","14,343","15,726","29,885","14,266","15,619",184,77,107,2.3,"6,149"
2021.4/4,노원구,공릉2동,"17,045","41,004","19,979","21,025","40,374","19,690","20,684",630,289,341,2.37,"5,529"
2021.4/4,노원구,하계1동,"11,491","27,036","12,954","14,082","26,562","12,728","13,834",474,226,248,2.31,"4,493"
2021.4/4,노원구,하계2동,"8,211","22,034","10,500","11,534","21,977","10,476","11,501",57,24,33,2.68,"3,229"
2021.4/4,노원구,중계본동,"8,383","24,009","11,679","12,330","23,955","11,659","12,296",54,20,34,2.86,"2,535"
2021.4/4,노원구,중계1동,"8,956","26,877","13,041","13,836","26,778","13,002","13,776",99,39,60,2.99,"2,382"
2021.4/4,노원구,중계4동,"8,343","19,975","9,598","10,377","19,928","9,584","10,344",47,14,33,2.39,"4,006"
2021.4/4,노원구,상계1동,"15,601","38,275","18,504","19,771","38,126","18,451","19,675",149,53,96,2.44,"7,102"
2021.4/4,노원구,상계2동,"8,657","20,143","9,962","10,181","19,980","9,889","10,091",163,73,90,2.31,"3,392"
2021.4/4,노원구,상계5동,"10,926","24,077","11,654","12,423","23,940","11,607","12,333",137,47,90,2.19,"5,037"
2021.4/4,노원구,상계8동,"9,219","22,598","10,829","11,769","22,547","10,816","11,731",51,13,38,2.45,"2,918"
2021.4/4,노원구,상계9동,"8,378","20,529","9,683","10,846","20,444","9,656","10,788",85,27,58,2.44,"3,487"
2021.4/4,노원구,상계10동,"7,653","18,731","8,678","10,053","18,677","8,656","10,021",54,22,32,2.44,"2,734"
2021.4/4,노원구,상계3.4동,"11,999","26,268","13,034","13,234","26,166","13,003","13,163",102,31,71,2.18,"6,120"
2021.4/4,노원구,상계6.7동,"13,894","32,774","15,138","17,636","32,641","15,088","17,553",133,50,83,2.35,"5,086"
2021.4/4,노원구,중계2.3동,"15,269","34,326","15,735","18,591","34,196","15,690","18,506",130,45,85,2.24,"7,438"
2021.4/4,노원구,공릉1동,"18,190","37,277","18,173","19,104","36,610","17,849","18,761",667,324,343,2.01,"6,594"
2021.4/4,은평구,소계,"214,711","477,173","228,024","249,149","473,307","226,458","246,849","3,866","1,566","2,300",2.2,"87,241"
2021.4/4,은평구,녹번동,"17,601","37,164","17,602","19,562","36,807","17,434","19,373",357,168,189,2.09,"7,050"
2021.4/4,은평구,불광1동,"17,756","38,777","18,280","20,497","38,518","18,167","20,351",259,113,146,2.17,"7,722"
2021.4/4,은평구,갈현1동,"10,787","22,077","10,762","11,315","21,876","10,672","11,204",201,90,111,2.03,"4,381"
2021.4/4,은평구,갈현2동,"12,650","28,547","13,501","15,046","28,240","13,379","14,861",307,122,185,2.23,"5,010"
2021.4/4,은평구,구산동,"13,325","32,464","15,884","16,580","32,207","15,777","16,430",257,107,150,2.42,"6,237"
2021.4/4,은평구,대조동,"14,546","27,204","12,628","14,576","26,881","12,497","14,384",323,131,192,1.85,"5,165"
2021.4/4,은평구,응암1동,"14,952","33,287","15,749","17,538","32,960","15,617","17,343",327,132,195,2.2,"5,170"
2021.4/4,은평구,응암2동,"11,263","28,107","13,629","14,478","27,912","13,547","14,365",195,82,113,2.48,"4,000"
2021.4/4,은평구,신사1동,"11,896","27,231","13,104","14,127","27,031","13,035","13,996",200,69,131,2.27,"4,965"
2021.4/4,은평구,신사2동,"8,976","20,330","10,135","10,195","20,211","10,097","10,114",119,38,81,2.25,"3,866"
2021.4/4,은평구,증산동,"6,768","15,034","7,331","7,703","14,909","7,273","7,636",125,58,67,2.2,"3,152"
2021.4/4,은평구,수색동,"5,360","12,752","6,278","6,474","12,692","6,254","6,438",60,24,36,2.37,"2,227"
2021.4/4,은평구,진관동,"21,526","56,012","26,285","29,727","55,798","26,204","29,594",214,81,133,2.59,"8,314"
2021.4/4,은평구,불광2동,"13,989","27,798","13,430","14,368","27,545","13,330","14,215",253,100,153,1.97,"5,954"
2021.4/4,은평구,응암3동,"12,494","24,637","11,968","12,669","24,336","11,854","12,482",301,114,187,1.95,"5,583"
2021.4/4,은평구,역촌동,"20,822","45,752","21,458","24,294","45,384","21,321","24,063",368,137,231,2.18,"8,445"
2021.4/4,서대문구,소계,"143,647","315,659","149,507","166,152","304,819","145,694","159,125","10,840","3,813","7,027",2.12,"54,268"
2021.4/4,서대문구,천연동,"7,749","17,359","8,248","9,111","17,121","8,121","9,000",238,127,111,2.21,"3,224"
2021.4/4,서대문구,홍제1동,"10,409","23,929","11,196","12,733","23,676","11,090","12,586",253,106,147,2.27,"4,594"
2021.4/4,서대문구,홍제3동,"7,046","15,478","7,470","8,008","15,336","7,410","7,926",142,60,82,2.18,"3,649"
2021.4/4,서대문구,홍제2동,"5,805","13,801","6,514","7,287","13,703","6,471","7,232",98,43,55,2.36,"2,751"
2021.4/4,서대문구,홍은1동,"9,731","22,933","11,051","11,882","22,697","10,957","11,740",236,94,142,2.33,"4,586"
2021.4/4,서대문구,홍은2동,"12,316","27,222","13,078","14,144","26,496","12,796","13,700",726,282,444,2.15,"5,203"
2021.4/4,서대문구,남가좌1동,"5,673","15,627","7,480","8,147","15,409","7,384","8,025",218,96,122,2.72,"2,180"
2021.4/4,서대문구,남가좌2동,"13,344","30,807","14,772","16,035","29,780","14,416","15,364","1,027",356,671,2.23,"4,851"
2021.4/4,서대문구,북가좌1동,"6,908","18,121","8,720","9,401","18,009","8,676","9,333",112,44,68,2.61,"2,961"
2021.4/4,서대문구,북가좌2동,"14,584","31,893","15,549","16,344","31,579","15,429","16,150",314,120,194,2.17,"6,363"
2021.4/4,서대문구,충현동,"10,263","20,760","9,996","10,764","20,355","9,807","10,548",405,189,216,1.98,"3,410"
2021.4/4,서대문구,북아현동,"7,209","16,236","7,766","8,470","15,930","7,644","8,286",306,122,184,2.21,"2,258"
2021.4/4,서대문구,신촌동,"14,010","23,759","9,777","13,982","19,752","8,756","10,996","4,007","1,021","2,986",1.41,"2,124"
2021.4/4,서대문구,연희동,"18,600","37,734","17,890","19,844","34,976","16,737","18,239","2,758","1,153","1,605",1.88,"6,114"
2021.4/4,마포구,소계,"179,861","378,686","177,233","201,453","368,905","173,504","195,401","9,781","3,729","6,052",2.05,"54,582"
2021.4/4,마포구,용강동,"9,393","22,038","10,458","11,580","21,619","10,236","11,383",419,222,197,2.3,"2,956"
2021.4/4,마포구,대흥동,"8,673","15,848","7,453","8,395","14,517","7,023","7,494","1,331",430,901,1.67,"2,068"
2021.4/4,마포구,염리동,"7,754","17,657","8,351","9,306","16,817","8,093","8,724",840,258,582,2.17,"2,101"
2021.4/4,마포구,신수동,"9,976","22,834","11,089","11,745","22,489","10,954","11,535",345,135,210,2.25,"3,242"
2021.4/4,마포구,서교동,"15,381","26,549","11,918","14,631","24,826","11,383","13,443","1,723",535,"1,188",1.61,"3,338"
2021.4/4,마포구,합정동,"9,508","17,649","8,154","9,495","17,311","8,022","9,289",338,132,206,1.82,"2,648"
2021.4/4,마포구,망원1동,"10,325","20,351","9,519","10,832","20,041","9,378","10,663",310,141,169,1.94,"3,375"
2021.4/4,마포구,망원2동,"8,464","18,764","8,807","9,957","18,567","8,725","9,842",197,82,115,2.19,"3,124"
2021.4/4,마포구,연남동,"8,641","15,899","7,434","8,465","14,914","7,052","7,862",985,382,603,1.73,"2,413"
2021.4/4,마포구,성산1동,"9,398","19,246","9,051","10,195","18,930","8,912","10,018",316,139,177,2.01,"2,953"
2021.4/4,마포구,성산2동,"19,231","39,909","17,987","21,922","39,608","17,886","21,722",301,101,200,2.06,"6,288"
2021.4/4,마포구,상암동,"12,717","31,473","14,929","16,544","30,780","14,594","16,186",693,335,358,2.42,"4,064"
2021.4/4,마포구,도화동,"9,305","21,391","10,199","11,192","21,151","10,091","11,060",240,108,132,2.27,"3,720"
2021.4/4,마포구,서강동,"12,165","25,600","12,075","13,525","24,938","11,863","13,075",662,212,450,2.05,"3,227"
2021.4/4,마포구,공덕동,"18,507","37,792","17,767","20,025","37,164","17,460","19,704",628,307,321,2.01,"5,910"
2021.4/4,마포구,아현동,"10,423","25,686","12,042","13,644","25,233","11,832","13,401",453,210,243,2.42,"3,155"
2021.4/4,양천구,소계,"181,404","450,487","220,537","229,950","447,302","219,214","228,088","3,185","1,323","1,862",2.47,"68,627"
2021.4/4,양천구,목1동,"10,403","30,883","14,846","16,037","30,750","14,773","15,977",133,73,60,2.96,"3,282"
2021.4/4,양천구,목2동,"13,396","30,139","14,651","15,488","29,903","14,562","15,341",236,89,147,2.23,"4,183"
2021.4/4,양천구,목3동,"10,027","21,977","10,478","11,499","21,815","10,408","11,407",162,70,92,2.18,"3,377"
2021.4/4,양천구,목4동,"10,152","25,544","12,470","13,074","25,372","12,396","12,976",172,74,98,2.5,"3,279"
2021.4/4,양천구,신월1동,"10,232","20,693","10,589","10,104","20,422","10,490","9,932",271,99,172,2,"4,260"
2021.4/4,양천구,신월2동,"8,465","20,819","10,158","10,661","20,665","10,096","10,569",154,62,92,2.44,"3,918"
2021.4/4,양천구,신월3동,"7,909","15,372","8,098","7,274","15,191","8,009","7,182",181,89,92,1.92,"3,022"
2021.4/4,양천구,신월4동,"6,890","18,012","8,785","9,227","17,926","8,759","9,167",86,26,60,2.6,"3,312"
2021.4/4,양천구,신월5동,"6,470","14,750","7,311","7,439","14,615","7,262","7,353",135,49,86,2.26,"2,467"
2021.4/4,양천구,신월6동,"5,356","13,945","6,811","7,134","13,893","6,792","7,101",52,19,33,2.59,"1,846"
2021.4/4,양천구,신월7동,"9,219","19,917","9,714","10,203","19,783","9,677","10,106",134,37,97,2.15,"4,406"
2021.4/4,양천구,신정1동,"7,103","20,487","9,978","10,509","20,374","9,925","10,449",113,53,60,2.87,"2,720"
2021.4/4,양천구,신정2동,"7,010","19,596","9,615","9,981","19,491","9,567","9,924",105,48,57,2.78,"2,625"
2021.4/4,양천구,신정3동,"19,369","49,979","24,303","25,676","49,627","24,148","25,479",352,155,197,2.56,"7,530"
2021.4/4,양천구,신정6동,"8,265","24,552","11,948","12,604","24,528","11,939","12,589",24,9,15,2.97,"2,823"
2021.4/4,양천구,신정7동,"11,493","29,171","14,093","15,078","29,010","14,020","14,990",161,73,88,2.52,"5,000"
2021.4/4,양천구,목5동,"13,465","41,308","20,484","20,824","41,239","20,455","20,784",69,29,40,3.06,"4,699"
2021.4/4,양천구,신정4동,"16,180","33,343","16,205","17,138","32,698","15,936","16,762",645,269,376,2.02,"5,878"
2021.4/4,강서구,소계,"271,175","579,768","278,720","301,048","574,315","276,292","298,023","5,453","2,428","3,025",2.12,"92,558"
2021.4/4,강서구,염창동,"16,309","41,764","20,212","21,552","41,637","20,144","21,493",127,68,59,2.55,"4,422"
2021.4/4,강서구,등촌1동,"13,600","24,436","11,309","13,127","24,239","11,243","12,996",197,66,131,1.78,"2,934"
2021.4/4,강서구,등촌2동,"8,668","20,423","9,955","10,468","20,303","9,914","10,389",120,41,79,2.34,"3,187"
2021.4/4,강서구,등촌3동,"15,012","30,714","14,549","16,165","30,544","14,486","16,058",170,63,107,2.03,"6,761"
2021.4/4,강서구,화곡본동,"17,267","34,612","16,743","17,869","34,202","16,579","17,623",410,164,246,1.98,"4,900"
2021.4/4,강서구,화곡2동,"8,187","18,096","8,765","9,331","17,840","8,662","9,178",256,103,153,2.18,"2,876"
2021.4/4,강서구,화곡3동,"9,657","21,661","10,348","11,313","21,525","10,297","11,228",136,51,85,2.23,"4,096"
2021.4/4,강서구,화곡4동,"9,748","20,820","10,165","10,655","20,532","10,038","10,494",288,127,161,2.11,"3,845"
2021.4/4,강서구,화곡6동,"12,586","25,096","12,106","12,990","24,869","12,024","12,845",227,82,145,1.98,"3,948"
2021.4/4,강서구,화곡8동,"11,814","24,789","11,931","12,858","24,383","11,751","12,632",406,180,226,2.06,"4,444"
2021.4/4,강서구,가양1동,"20,536","34,395","15,735","18,660","34,115","15,594","18,521",280,141,139,1.66,"3,121"
2021.4/4,강서구,가양2동,"8,055","14,109","6,640","7,469","14,026","6,618","7,408",83,22,61,1.74,"4,134"
2021.4/4,강서구,가양3동,"7,903","15,138","7,018","8,120","15,040","6,975","8,065",98,43,55,1.9,"3,721"
2021.4/4,강서구,발산1동,"13,446","36,572","17,279","19,293","36,416","17,215","19,201",156,64,92,2.71,"4,874"
2021.4/4,강서구,공항동,"14,081","31,483","15,912","15,571","30,842","15,537","15,305",641,375,266,2.19,"4,303"
2021.4/4,강서구,방화1동,"17,256","43,181","21,041","22,140","42,932","20,924","22,008",249,117,132,2.49,"6,616"
2021.4/4,강서구,방화2동,"11,994","23,656","11,696","11,960","23,355","11,527","11,828",301,169,132,1.95,"4,857"
2021.4/4,강서구,방화3동,"11,278","22,924","11,106","11,818","22,791","11,056","11,735",133,50,83,2.02,"5,260"
2021.4/4,강서구,화곡1동,"27,678","52,770","25,577","27,193","51,801","25,174","26,627",969,403,566,1.87,"8,430"
2021.4/4,강서구,우장산동,"16,100","43,129","20,633","22,496","42,923","20,534","22,389",206,99,107,2.67,"5,829"
2021.4/4,구로구,소계,"180,929","421,163","208,873","212,290","396,754","195,537","201,217","24,409","13,336","11,073",2.19,"72,611"
2021.4/4,구로구,신도림동,"13,730","36,342","17,661","18,681","36,049","17,517","18,532",293,144,149,2.63,"4,740"
2021.4/4,구로구,구로1동,"8,343","21,166","10,362","10,804","20,827","10,196","10,631",339,166,173,2.5,"2,668"
2021.4/4,구로구,구로3동,"13,338","25,157","12,930","12,227","23,529","12,087","11,442","1,628",843,785,1.76,"3,541"
2021.4/4,구로구,구로4동,"10,630","23,745","11,814","11,931","19,667","9,534","10,133","4,078","2,280","1,798",1.85,"4,665"
2021.4/4,구로구,구로5동,"15,130","31,822","15,570","16,252","29,212","14,185","15,027","2,610","1,385","1,225",1.93,"4,826"
2021.4/4,구로구,고척1동,"9,462","22,657","11,283","11,374","22,337","11,119","11,218",320,164,156,2.36,"4,429"
2021.4/4,구로구,고척2동,"11,508","27,092","13,418","13,674","26,631","13,205","13,426",461,213,248,2.31,"5,243"
2021.4/4,구로구,개봉2동,"12,575","31,314","15,237","16,077","30,894","15,051","15,843",420,186,234,2.46,"6,506"
2021.4/4,구로구,개봉3동,"8,824","20,590","10,011","10,579","20,222","9,831","10,391",368,180,188,2.29,"4,307"
2021.4/4,구로구,오류1동,"12,092","23,155","11,242","11,913","22,540","10,945","11,595",615,297,318,1.86,"4,015"
2021.4/4,구로구,수궁동,"10,034","23,806","11,740","12,066","23,506","11,591","11,915",300,149,151,2.34,"4,430"
2021.4/4,구로구,가리봉동,"5,999","13,091","7,447","5,644","8,958","4,900","4,058","4,133","2,547","1,586",1.49,"2,077"
2021.4/4,구로구,구로2동,"12,608","31,164","16,069","15,095","23,802","12,016","11,786","7,362","4,053","3,309",1.89,"5,946"
2021.4/4,구로구,개봉1동,"14,926","34,560","17,238","17,322","33,775","16,854","16,921",785,384,401,2.26,"6,464"
2021.4/4,구로구,오류2동,"15,586","39,026","18,783","20,243","38,456","18,495","19,961",570,288,282,2.47,"7,128"
2021.4/4,구로구,항동,"6,144","16,476","8,068","8,408","16,349","8,011","8,338",127,57,70,2.66,"1,626"
2021.4/4,금천구,소계,"117,595","244,891","124,110","120,781","230,811","116,527","114,284","14,080","7,583","6,497",1.96,"41,041"
2021.4/4,금천구,가산동,"16,824","26,179","14,306","11,873","23,669","12,863","10,806","2,510","1,443","1,067",1.41,"2,682"
2021.4/4,금천구,독산1동,"23,295","46,698","23,968","22,730","44,873","22,990","21,883","1,825",978,847,1.93,"5,900"
2021.4/4,금천구,독산2동,"9,519","20,175","10,245","9,930","18,706","9,465","9,241","1,469",780,689,1.97,"3,524"
2021.4/4,금천구,독산3동,"12,718","27,595","14,044","13,551","24,152","12,106","12,046","3,443","1,938","1,505",1.9,"4,671"
2021.4/4,금천구,독산4동,"7,668","16,778","8,441","8,337","15,142","7,591","7,551","1,636",850,786,1.97,"2,942"
2021.4/4,금천구,시흥1동,"16,104","34,533","17,220","17,313","32,826","16,326","16,500","1,707",894,813,2.04,"6,274"
2021.4/4,금천구,시흥2동,"8,255","21,351","10,263","11,088","21,228","10,210","11,018",123,53,70,2.57,"4,077"
2021.4/4,금천구,시흥3동,"4,736","10,951","5,437","5,514","10,800","5,368","5,432",151,69,82,2.28,"2,380"
2021.4/4,금천구,시흥4동,"9,129","20,916","10,353","10,563","20,249","10,030","10,219",667,323,344,2.22,"4,191"
2021.4/4,금천구,시흥5동,"9,347","19,715","9,833","9,882","19,166","9,578","9,588",549,255,294,2.05,"4,400"
2021.4/4,영등포구,소계,"187,020","400,908","198,740","202,168","376,837","185,926","190,911","24,071","12,814","11,257",2.01,"62,516"
2021.4/4,영등포구,여의동,"13,460","33,420","15,701","17,719","33,071","15,519","17,552",349,182,167,2.46,"6,230"
2021.4/4,영등포구,당산1동,"10,792","20,648","10,111","10,537","20,300","9,948","10,352",348,163,185,1.88,"3,394"
2021.4/4,영등포구,당산2동,"18,858","37,911","17,762","20,149","37,520","17,598","19,922",391,164,227,1.99,"4,696"
2021.4/4,영등포구,양평1동,"9,666","18,487","9,003","9,484","18,197","8,884","9,313",290,119,171,1.88,"2,396"
2021.4/4,영등포구,양평2동,"10,662","22,499","11,039","11,460","22,301","10,957","11,344",198,82,116,2.09,"2,535"
2021.4/4,영등포구,신길1동,"10,599","18,755","9,579","9,176","17,342","8,831","8,511","1,413",748,665,1.64,"3,326"
2021.4/4,영등포구,신길3동,"7,650","17,575","8,737","8,838","16,561","8,184","8,377","1,014",553,461,2.16,"3,144"
2021.4/4,영등포구,신길4동,"5,746","13,089","6,548","6,541","12,324","6,126","6,198",765,422,343,2.14,"2,335"
2021.4/4,영등포구,신길5동,"4,803","11,701","5,749","5,952","10,611","5,162","5,449","1,090",587,503,2.21,"2,047"
2021.4/4,영등포구,신길6동,"9,118","19,869","9,729","10,140","19,076","9,312","9,764",793,417,376,2.09,"3,329"
2021.4/4,영등포구,신길7동,"7,900","20,158","10,050","10,108","19,968","9,961","10,007",190,89,101,2.53,"2,568"
2021.4/4,영등포구,대림1동,"7,123","17,067","8,650","8,417","14,525","7,233","7,292","2,542","1,417","1,125",2.04,"3,181"
2021.4/4,영등포구,대림2동,"6,879","18,162","9,357","8,805","11,912","5,879","6,033","6,250","3,478","2,772",1.73,"3,082"
2021.4/4,영등포구,대림3동,"10,411","25,876","13,080","12,796","22,285","11,179","11,106","3,591","1,901","1,690",2.14,"4,565"
2021.4/4,영등포구,영등포본동,"10,460","23,152","11,907","11,245","21,254","10,896","10,358","1,898","1,011",887,2.03,"4,225"
2021.4/4,영등포구,영등포동,"20,390","29,901","15,676","14,225","29,233","15,347","13,886",668,329,339,1.43,"3,418"
2021.4/4,영등포구,도림동,"9,372","19,826","10,006","9,820","17,730","8,946","8,784","2,096","1,060","1,036",1.89,"3,350"
2021.4/4,영등포구,문래동,"13,131","32,812","16,056","16,756","32,627","15,964","16,663",185,92,93,2.48,"4,695"
2021.4/4,동작구,소계,"184,812","394,364","190,241","204,123","385,483","186,426","199,057","8,881","3,815","5,066",2.09,"66,613"
2021.4/4,동작구,노량진2동,"6,969","11,550","5,952","5,598","10,844","5,594","5,250",706,358,348,1.56,"2,285"
2021.4/4,동작구,상도1동,"21,389","45,485","21,898","23,587","44,087","21,372","22,715","1,398",526,872,2.06,"7,096"
2021.4/4,동작구,상도2동,"12,590","28,362","13,631","14,731","28,107","13,544","14,563",255,87,168,2.23,"4,320"
2021.4/4,동작구,상도3동,"12,009","24,846","11,840","13,006","24,512","11,685","12,827",334,155,179,2.04,"4,438"
2021.4/4,동작구,상도4동,"14,095","28,914","13,997","14,917","28,577","13,864","14,713",337,133,204,2.03,"5,145"
2021.4/4,동작구,사당1동,"13,492","23,321","11,108","12,213","22,856","10,890","11,966",465,218,247,1.69,"3,800"
2021.4/4,동작구,사당3동,"10,472","24,548","11,893","12,655","24,344","11,802","12,542",204,91,113,2.32,"4,487"
2021.4/4,동작구,사당4동,"7,155","14,301","6,851","7,450","14,141","6,766","7,375",160,85,75,1.98,"2,681"
2021.4/4,동작구,사당5동,"6,621","14,558","6,995","7,563","14,467","6,959","7,508",91,36,55,2.19,"2,347"
2021.4/4,동작구,대방동,"17,267","38,338","18,190","20,148","37,990","18,017","19,973",348,173,175,2.2,"5,813"
2021.4/4,동작구,신대방1동,"10,225","24,999","12,057","12,942","23,142","11,093","12,049","1,857",964,893,2.26,"3,920"
2021.4/4,동작구,신대방2동,"10,076","21,404","10,219","11,185","21,189","10,131","11,058",215,88,127,2.1,"3,214"
2021.4/4,동작구,흑석동,"14,065","33,293","15,965","17,328","31,485","15,349","16,136","1,808",616,"1,192",2.24,"5,718"
2021.4/4,동작구,노량진1동,"16,187","32,298","16,180","16,118","31,962","16,056","15,906",336,124,212,1.97,"5,869"
2021.4/4,동작구,사당2동,"12,200","28,147","13,465","14,682","27,780","13,304","14,476",367,161,206,2.28,"5,480"
2021.4/4,관악구,소계,"276,597","499,449","250,058","249,391","485,699","243,991","241,708","13,750","6,067","7,683",1.76,"79,871"
2021.4/4,관악구,보라매동,"12,941","24,918","12,254","12,664","24,412","12,014","12,398",506,240,266,1.89,"4,482"
2021.4/4,관악구,청림동,"6,450","15,214","7,394","7,820","15,118","7,358","7,760",96,36,60,2.34,"2,729"
2021.4/4,관악구,행운동,"17,656","29,413","14,214","15,199","28,931","14,040","14,891",482,174,308,1.64,"4,384"
2021.4/4,관악구,낙성대동,"11,239","17,434","8,705","8,729","16,847","8,462","8,385",587,243,344,1.5,"2,021"
2021.4/4,관악구,중앙동,"9,801","15,487","7,418","8,069","15,106","7,266","7,840",381,152,229,1.54,"2,351"
2021.4/4,관악구,인헌동,"14,410","26,154","12,691","13,463","25,799","12,553","13,246",355,138,217,1.79,"4,023"
2021.4/4,관악구,남현동,"9,683","18,274","8,795","9,479","18,085","8,720","9,365",189,75,114,1.87,"2,791"
2021.4/4,관악구,서원동,"14,333","23,278","11,996","11,282","22,593","11,696","10,897",685,300,385,1.58,"3,323"
2021.4/4,관악구,신원동,"10,967","18,675","9,403","9,272","17,840","9,032","8,808",835,371,464,1.63,"3,262"
2021.4/4,관악구,서림동,"14,355","23,689","12,957","10,732","23,062","12,713","10,349",627,244,383,1.61,"3,539"
2021.4/4,관악구,신사동,"13,955","24,838","12,445","12,393","22,560","11,345","11,215","2,278","1,100","1,178",1.62,"3,604"
2021.4/4,관악구,신림동,"17,985","23,128","12,137","10,991","22,365","11,802","10,563",763,335,428,1.24,"1,992"
2021.4/4,관악구,난향동,"6,289","15,420","7,537","7,883","15,298","7,475","7,823",122,62,60,2.43,"2,721"
2021.4/4,관악구,조원동,"10,774","18,786","9,476","9,310","17,338","8,728","8,610","1,448",748,700,1.61,"2,881"
2021.4/4,관악구,대학동,"16,164","24,921","14,721","10,200","23,385","14,101","9,284","1,536",620,916,1.45,"3,055"
2021.4/4,관악구,은천동,"16,056","33,631","16,355","17,276","33,156","16,152","17,004",475,203,272,2.07,"5,911"
2021.4/4,관악구,성현동,"12,332","29,394","14,168","15,226","29,209","14,091","15,118",185,77,108,2.37,"5,374"
2021.4/4,관악구,청룡동,"23,354","36,482","17,501","18,981","35,422","17,083","18,339","1,060",418,642,1.52,"4,552"
2021.4/4,관악구,난곡동,"13,116","27,216","13,638","13,578","26,759","13,434","13,325",457,204,253,2.04,"5,450"
2021.4/4,관악구,삼성동,"10,453","22,041","11,028","11,013","21,902","10,976","10,926",139,52,87,2.1,"5,549"
2021.4/4,관악구,미성동,"14,284","31,056","15,225","15,831","30,512","14,950","15,562",544,275,269,2.14,"5,877"
2021.4/4,서초구,소계,"170,244","416,167","198,914","217,253","412,279","197,034","215,245","3,888","1,880","2,008",2.42,"60,678"
2021.4/4,서초구,서초1동,"9,378","20,711","9,985","10,726","20,524","9,891","10,633",187,94,93,2.19,"3,022"
2021.4/4,서초구,서초2동,"11,390","26,595","12,710","13,885","26,237","12,536","13,701",358,174,184,2.3,"3,217"
2021.4/4,서초구,서초3동,"15,260","32,769","15,731","17,038","32,437","15,593","16,844",332,138,194,2.13,"4,827"
2021.4/4,서초구,서초4동,"10,896","31,089","15,145","15,944","30,833","15,010","15,823",256,135,121,2.83,"4,297"
2021.4/4,서초구,잠원동,"10,739","26,946","12,954","13,992","26,771","12,878","13,893",175,76,99,2.49,"3,327"
2021.4/4,서초구,반포본동,826,"2,000",952,"1,048","1,969",936,"1,033",31,16,15,2.38,282
2021.4/4,서초구,반포1동,"15,029","34,815","16,926","17,889","34,464","16,766","17,698",351,160,191,2.29,"4,044"
2021.4/4,서초구,반포2동,"4,981","15,801","7,540","8,261","15,707","7,498","8,209",94,42,52,3.15,"1,980"
2021.4/4,서초구,반포3동,"7,710","22,245","10,564","11,681","22,190","10,541","11,649",55,23,32,2.88,"3,085"
2021.4/4,서초구,반포4동,"7,209","19,807","9,334","10,473","19,177","8,985","10,192",630,349,281,2.66,"2,865"
2021.4/4,서초구,방배본동,"8,001","21,083","9,762","11,321","20,907","9,665","11,242",176,97,79,2.61,"3,093"
2021.4/4,서초구,방배1동,"7,541","16,980","7,936","9,044","16,848","7,878","8,970",132,58,74,2.23,"2,901"
2021.4/4,서초구,방배2동,"8,365","19,474","9,134","10,340","19,347","9,073","10,274",127,61,66,2.31,"3,523"
2021.4/4,서초구,방배3동,"7,118","18,861","9,118","9,743","18,783","9,079","9,704",78,39,39,2.64,"3,398"
2021.4/4,서초구,방배4동,"9,741","23,817","10,834","12,983","23,524","10,703","12,821",293,131,162,2.41,"3,559"
2021.4/4,서초구,양재1동,"17,916","43,408","20,715","22,693","43,074","20,554","22,520",334,161,173,2.4,"6,995"
2021.4/4,서초구,양재2동,"10,894","22,144","11,049","11,095","21,927","10,949","10,978",217,100,117,2.01,"2,977"
2021.4/4,서초구,내곡동,"7,250","17,622","8,525","9,097","17,560","8,499","9,061",62,26,36,2.42,"3,286"
2021.4/4,강남구,소계,"234,233","537,800","257,280","280,520","533,042","255,047","277,995","4,758","2,233","2,525",2.28,"78,226"
2021.4/4,강남구,신사동,"7,035","16,213","7,527","8,686","15,993","7,415","8,578",220,112,108,2.27,"3,032"
2021.4/4,강남구,논현1동,"14,033","22,702","10,665","12,037","22,073","10,381","11,692",629,284,345,1.57,"2,966"
2021.4/4,강남구,논현2동,"11,414","21,331","9,959","11,372","21,018","9,821","11,197",313,138,175,1.84,"3,155"
2021.4/4,강남구,삼성1동,"5,483","13,136","6,494","6,642","12,878","6,334","6,544",258,160,98,2.35,"2,154"
2021.4/4,강남구,삼성2동,"13,555","30,692","14,710","15,982","30,436","14,560","15,876",256,150,106,2.25,"3,652"
2021.4/4,강남구,대치1동,"7,264","24,199","12,174","12,025","24,165","12,151","12,014",34,23,11,3.33,"2,533"
2021.4/4,강남구,대치4동,"10,164","20,079","9,465","10,614","19,815","9,364","10,451",264,101,163,1.95,"2,105"
2021.4/4,강남구,역삼1동,"24,243","36,590","17,692","18,898","35,587","17,285","18,302","1,003",407,596,1.47,"3,706"
2021.4/4,강남구,역삼2동,"15,507","36,378","17,061","19,317","36,072","16,914","19,158",306,147,159,2.33,"3,665"
2021.4/4,강남구,도곡1동,"8,524","21,539","10,204","11,335","21,405","10,133","11,272",134,71,63,2.51,"2,974"
2021.4/4,강남구,도곡2동,"11,664","33,261","15,461","17,800","33,163","15,400","17,763",98,61,37,2.84,"4,895"
2021.4/4,강남구,개포1동,"2,572","6,489","3,155","3,334","6,470","3,147","3,323",19,8,11,2.52,"1,620"
2021.4/4,강남구,개포4동,"10,024","23,870","11,547","12,323","23,710","11,480","12,230",160,67,93,2.37,"3,240"
2021.4/4,강남구,일원본동,"8,058","23,291","11,496","11,795","23,260","11,482","11,778",31,14,17,2.89,"3,088"
2021.4/4,강남구,일원1동,"7,390","15,214","7,438","7,776","15,073","7,386","7,687",141,52,89,2.04,"3,298"
2021.4/4,강남구,일원2동,"7,471","17,585","8,501","9,084","17,518","8,479","9,039",67,22,45,2.34,"3,420"
2021.4/4,강남구,수서동,"7,800","14,870","6,732","8,138","14,804","6,708","8,096",66,24,42,1.9,"4,645"
2021.4/4,강남구,세곡동,"17,961","43,396","20,496","22,900","43,232","20,426","22,806",164,70,94,2.41,"6,564"
2021.4/4,강남구,압구정동,"10,265","26,446","12,267","14,179","26,305","12,187","14,118",141,80,61,2.56,"5,173"
2021.4/4,강남구,청담동,"11,272","25,911","12,108","13,803","25,684","11,987","13,697",227,121,106,2.28,"3,733"
2021.4/4,강남구,대치2동,"12,851","36,663","18,572","18,091","36,507","18,483","18,024",156,89,67,2.84,"4,968"
2021.4/4,강남구,개포2동,"9,683","27,945","13,556","14,389","27,874","13,524","14,350",71,32,39,2.88,"3,640"
2021.4/4,송파구,소계,"282,417","663,965","319,895","344,070","658,338","317,346","340,992","5,627","2,549","3,078",2.33,"97,691"
2021.4/4,송파구,풍납1동,"5,985","13,451","6,575","6,876","12,869","6,300","6,569",582,275,307,2.15,"2,737"
2021.4/4,송파구,풍납2동,"10,976","24,953","11,857","13,096","24,785","11,777","13,008",168,80,88,2.26,"3,821"
2021.4/4,송파구,거여1동,"5,647","12,614","6,361","6,253","12,539","6,335","6,204",75,26,49,2.22,"2,414"
2021.4/4,송파구,거여2동,"8,150","18,806","9,242","9,564","18,726","9,210","9,516",80,32,48,2.3,"3,550"
2021.4/4,송파구,마천1동,"8,814","19,071","9,724","9,347","18,916","9,664","9,252",155,60,95,2.15,"4,211"
2021.4/4,송파구,마천2동,"8,741","18,866","9,603","9,263","18,713","9,536","9,177",153,67,86,2.14,"4,058"
2021.4/4,송파구,방이1동,"6,229","15,766","7,596","8,170","15,682","7,555","8,127",84,41,43,2.52,"2,246"
2021.4/4,송파구,방이2동,"15,258","27,015","12,552","14,463","26,489","12,304","14,185",526,248,278,1.74,"3,544"
2021.4/4,송파구,오륜동,"5,929","18,079","8,833","9,246","18,061","8,824","9,237",18,9,9,3.05,"2,856"
2021.4/4,송파구,오금동,"15,640","38,654","18,741","19,913","38,446","18,636","19,810",208,105,103,2.46,"6,393"
2021.4/4,송파구,송파1동,"12,261","24,176","11,290","12,886","23,845","11,129","12,716",331,161,170,1.94,"3,460"
2021.4/4,송파구,송파2동,"7,209","19,283","9,298","9,985","19,130","9,221","9,909",153,77,76,2.65,"2,902"
2021.4/4,송파구,석촌동,"16,917","32,169","15,325","16,844","31,584","15,066","16,518",585,259,326,1.87,"4,493"
2021.4/4,송파구,삼전동,"16,080","30,695","14,395","16,300","30,325","14,254","16,071",370,141,229,1.89,"3,988"
2021.4/4,송파구,가락본동,"11,833","26,523","13,142","13,381","26,252","13,019","13,233",271,123,148,2.22,"3,811"
2021.4/4,송파구,가락1동,"9,786","27,365","13,248","14,117","27,265","13,203","14,062",100,45,55,2.79,"3,460"
2021.4/4,송파구,가락2동,"12,429","32,406","15,902","16,504","32,229","15,820","16,409",177,82,95,2.59,"4,280"
2021.4/4,송파구,문정1동,"8,494","20,198","9,994","10,204","20,012","9,922","10,090",186,72,114,2.36,"2,965"
2021.4/4,송파구,문정2동,"15,731","29,072","13,346","15,726","28,871","13,266","15,605",201,80,121,1.84,"4,003"
2021.4/4,송파구,잠실본동,"15,442","28,439","13,476","14,963","27,953","13,264","14,689",486,212,274,1.81,"3,783"
2021.4/4,송파구,잠실4동,"7,277","21,376","10,259","11,117","21,318","10,229","11,089",58,30,28,2.93,"2,802"
2021.4/4,송파구,잠실6동,"5,889","16,905","8,019","8,886","16,775","7,945","8,830",130,74,56,2.85,"2,832"
2021.4/4,송파구,잠실7동,"3,383","9,564","4,462","5,102","9,550","4,454","5,096",14,8,6,2.82,"2,156"
2021.4/4,송파구,잠실2동,"11,613","35,145","16,819","18,326","35,036","16,756","18,280",109,63,46,3.02,"3,706"
2021.4/4,송파구,잠실3동,"11,912","34,475","16,413","18,062","34,338","16,337","18,001",137,76,61,2.88,"5,796"
2021.4/4,송파구,장지동,"12,141","29,693","14,350","15,343","29,534","14,278","15,256",159,72,87,2.43,"4,362"
2021.4/4,송파구,위례동,"12,651","39,206","19,073","20,133","39,095","19,042","20,053",111,31,80,3.09,"3,062"
2021.4/4,강동구,소계,"201,613","466,472","228,682","237,790","462,664","227,002","235,662","3,808","1,680","2,128",2.29,"74,070"
2021.4/4,강동구,명일1동,"10,117","25,941","12,621","13,320","25,856","12,589","13,267",85,32,53,2.56,"4,033"
2021.4/4,강동구,명일2동,"6,511","17,568","8,603","8,965","17,524","8,590","8,934",44,13,31,2.69,"2,590"
2021.4/4,강동구,고덕1동,"8,343","24,417","12,427","11,990","24,301","12,344","11,957",116,83,33,2.91,"2,856"
2021.4/4,강동구,고덕2동,"8,781","22,329","11,259","11,070","22,177","11,169","11,008",152,90,62,2.53,"2,998"
2021.4/4,강동구,암사2동,"6,353","15,252","7,385","7,867","15,197","7,367","7,830",55,18,37,2.39,"2,379"
2021.4/4,강동구,암사3동,"6,267","17,947","8,789","9,158","17,898","8,763","9,135",49,26,23,2.86,"2,670"
2021.4/4,강동구,천호1동,"12,917","26,973","13,200","13,773","26,738","13,123","13,615",235,77,158,2.07,"5,228"
2021.4/4,강동구,천호3동,"14,368","27,000","13,132","13,868","26,564","12,924","13,640",436,208,228,1.85,"4,651"
2021.4/4,강동구,성내1동,"8,352","20,045","9,665","10,380","19,915","9,611","10,304",130,54,76,2.38,"3,113"
2021.4/4,강동구,성내2동,"12,810","24,106","11,901","12,205","23,534","11,614","11,920",572,287,285,1.84,"4,371"
2021.4/4,강동구,성내3동,"10,670","23,346","11,436","11,910","23,079","11,326","11,753",267,110,157,2.16,"3,849"
2021.4/4,강동구,둔촌1동,82,144,80,64,133,75,58,11,5,6,1.62,39
2021.4/4,강동구,둔촌2동,"10,488","24,785","12,199","12,586","24,661","12,147","12,514",124,52,72,2.35,"4,118"
2021.4/4,강동구,암사1동,"15,964","34,782","17,237","17,545","34,486","17,114","17,372",296,123,173,2.16,"6,063"
2021.4/4,강동구,천호2동,"17,473","33,753","16,563","17,190","33,154","16,280","16,874",599,283,316,1.9,"5,913"
2021.4/4,강동구,길동,"21,820","45,973","22,405","23,568","45,653","22,299","23,354",320,106,214,2.09,"7,986"
2021.4/4,강동구,강일동,"12,857","32,982","15,801","17,181","32,794","15,740","17,054",188,61,127,2.55,"5,321"
2021.4/4,강동구,상일1동,"13,496","38,929","19,197","19,732","38,834","19,154","19,680",95,43,52,2.88,"4,396"
2021.4/4,강동구,상일2동,"3,944","10,200","4,782","5,418","10,166","4,773","5,393",34,9,25,2.58,"1,496"
